{
	"system" : {
		"platform" : "windows64",
		"os_name" : "Windows 10",
		"os_version" : "10.0"
	},
	"error" : {
		"executable" : "quartus",
		"comment" : "not_applicable",
		"error_message" : "Access Violation at 0X00007FFCBCCD1ABD",
		"source_file" : "unknown",
		"line" : "0",
		"stack_trace" : "\t0x7ffcbccd1abc: ntdll + 0x21abc (RtlEnterCriticalSection + 0xc)\n\t0x7ffbf1ae226a: wintab32 + 0x226a (Ordinal998 + 0x226a)\n\t0x7ffbf1ae101c: wintab32 + 0x101c (Ordinal998 + 0x101c)\n\t0x7ffbf1ae91a3: wintab32 + 0x91a3 (WTMgrCsrPressureBtnMarksEx + 0x793)\n\t0x7ffcbccd8b8e: ntdll + 0x28b8e (RtlActivateActivationContextUnsafeFast + 0x12e)\n\t0x7ffcbcd01595: ntdll + 0x51595 (LdrShutdownProcess + 0x175)\n\t0x7ffcbcd0118c: ntdll + 0x5118c (RtlExitUserProcess + 0xac)\n\t0x7ffcbae57fca: KERNEL32 + 0x17fca (ExitProcess + 0xa)\n\t0x7ffc7df529a6: MSVCR120 + 0x229a6 (_initterm_e + 0x21a)\n\t0x7ff65f7a1f57: quartus + 0x1f57 (__tmainCRTStartup + 0x15f)\n\t0x7ffcbae5259c: KERNEL32 + 0x1259c (BaseThreadInitThunk + 0x1c)\n\t0x7ffcbcd0af37: ntdll + 0x5af37 (RtlUserThreadStart + 0x27)\n",
		"subsystem" : "unknown"
	},
	"quartus" : {
		"quartus_bits" : "64",
		"version" : "20.1.1",
		"build" : "720",
		"edition" : "Lite Edition"
	}
}